{"v":"5.6.6","ip":0,"op":160,"fr":60,"w":512,"h":512,"layers":[{"ind":2668,"nm":"surface11242","ao":0,"ip":0,"op":264,"st":0,"ty":4,"ks":{"ty":"tr","o":{"k":100},"r":{"k":0},"p":{"k":[0,0]},"a":{"k":[0,0]},"s":{"k":[133.33,133.33]},"sk":{"k":0},"sa":{"k":0}},"shapes":[{"ty":"gr","hd":false,"nm":"surface11242","it":[{"ty":"gr","hd":false,"it":[{"ty":"sh","ks":{"k":{"i":[[0,0],[0,0]],"o":[[0,0],[0,0]],"v":[[246.7,375.1],[373.4,374.5]],"c":false}}},{"ty":"st","lc":2,"lj":1,"ml":10,"o":{"k":100},"w":{"k":16},"c":{"k":[0.0667,0.8157,0.4902,1]},"hd":false},{"ty":"tr","o":{"k":100},"r":{"k":0},"p":{"k":[0,0]},"a":{"k":[0,0]},"s":{"k":[75,75]},"sk":{"k":0},"sa":{"k":0},"hd":false}]},{"ty":"gr","hd":false,"it":[{"ty":"sh","ks":{"k":{"i":[[0,0],[0,0]],"o":[[0,0],[0,0]],"v":[[246.7,313.9],[335.4,313.9]],"c":false}}},{"ty":"st","lc":2,"lj":1,"ml":10,"o":{"k":100},"w":{"k":16},"c":{"k":[0.0667,0.8157,0.4902,1]},"hd":false},{"ty":"tr","o":{"k":100},"r":{"k":0},"p":{"k":[0,0]},"a":{"k":[0,0]},"s":{"k":[75,75]},"sk":{"k":0},"sa":{"k":0},"hd":false}]},{"ty":"gr","hd":false,"it":[{"ty":"sh","ks":{"k":{"i":[[0,0],[56.33,0],[0,56.61],[-56.33,0],[0,-56.61]],"o":[[0,56.61],[-56.33,0],[0,-56.61],[56.33,0],[0,0]],"v":[[497.3,147.5],[395.3,250],[293.3,147.5],[395.3,45],[497.3,147.5]],"c":false}}},{"ty":"st","lc":1,"lj":1,"ml":10,"o":{"k":100},"w":{"k":16},"c":{"k":[0.0667,0.8157,0.4902,1]},"hd":false},{"ty":"tr","o":{"k":100},"r":{"k":0},"p":{"k":[0,0]},"a":{"k":[0,0]},"s":{"k":[75,75]},"sk":{"k":0},"sa":{"k":0},"hd":false}]},{"ty":"gr","hd":false,"it":[{"ty":"sh","ks":{"k":{"i":[[0,0],[0,0],[0,0]],"o":[[0,0],[0,0],[0,0]],"v":[[361.5,143.6],[386.3,178.7],[436.9,116.2]],"c":false}}},{"ty":"st","lc":2,"lj":1,"ml":10,"o":{"k":100},"w":{"k":16},"c":{"k":[0.0667,0.8157,0.4902,1]},"hd":false},{"ty":"tr","o":{"k":100},"r":{"k":0},"p":{"k":[0,0]},"a":{"k":[0,0]},"s":{"k":[75,75]},"sk":{"k":0},"sa":{"k":0},"hd":false}]},{"ty":"gr","hd":false,"it":[{"ty":"sh","ks":{"k":{"i":[[0,0],[0,0],[0,0],[63,0]],"o":[[-63,0],[0,0],[0,0],[0,0]],"v":[[132,293.9],[75,377.9],[188.2,377.9],[132,293.9]],"c":true}}},{"ty":"st","lc":1,"lj":1,"ml":10,"o":{"k":100},"w":{"k":16},"c":{"k":[0.0667,0.8157,0.4902,1]},"hd":false},{"ty":"tr","o":{"k":100},"r":{"k":0},"p":{"k":[0,0]},"a":{"k":[0,0]},"s":{"k":[75,75]},"sk":{"k":0},"sa":{"k":0},"hd":false}]},{"ty":"gr","hd":false,"it":[{"ty":"sh","ks":{"k":{"i":[[0,0],[24.3,0],[0,24.3],[-24.3,0],[0,-24.3]],"o":[[0,24.3],[-24.3,0],[0,-24.3],[24.3,0],[0,0]],"v":[[176,249.9],[132,293.9],[88,249.9],[132,205.9],[176,249.9]],"c":false}}},{"ty":"st","lc":1,"lj":1,"ml":10,"o":{"k":100},"w":{"k":16},"c":{"k":[0.0667,0.8157,0.4902,1]},"hd":false},{"ty":"tr","o":{"k":100},"r":{"k":0},"p":{"k":[0,0]},"a":{"k":[0,0]},"s":{"k":[75,75]},"sk":{"k":0},"sa":{"k":0},"hd":false}]},{"ty":"gr","hd":false,"it":[{"ty":"sh","ks":{"k":{"i":[[0,0],[0,0],[0,-15.1],[0,0],[-15.1,0],[0,0],[0,15.1],[0,0]],"o":[[0,0],[-15.1,0],[0,0],[0,15.1],[0,0],[15.1,0],[0,0],[0,0]],"v":[[299.9,119.5],[45.2,119.5],[17.8,146.9],[17.8,411.6],[45.2,439],[423.6,439],[451,411.6],[451,235]],"c":false}}},{"ty":"st","lc":1,"lj":1,"ml":10,"o":{"k":100},"w":{"k":16},"c":{"k":[0.0667,0.8157,0.4902,1]},"hd":false},{"ty":"tr","o":{"k":100},"r":{"k":0},"p":{"k":[0,0]},"a":{"k":[0,0]},"s":{"k":[75,75]},"sk":{"k":0},"sa":{"k":0},"hd":false}]},{"ty":"tr","o":{"k":100},"r":{"k":0},"p":{"k":[0,0]},"a":{"k":[0,0]},"s":{"k":[100,100]},"sk":{"k":0},"sa":{"k":0},"hd":false}]},{"ty":"tm","s":{"a":0,"k":0,"ix":1},"e":{"a":1,"k":[{"i":{"x":[0.27],"y":[1]},"o":{"x":[0.5],"y":[0]},"t":0,"s":[0]},{"t":66,"s":[100]}],"ix":2},"o":{"a":0,"k":0,"ix":3},"m":1,"ix":2,"hd":false}]}],"meta":{"g":"LF SVG to Lottie"}}